IDE;programa;IDG;corte1;corte2;curso;creditos;IDP;nestud;periodo;año;jornada;profesor;dedicacion;nsala
1500;Ingeniería Mecánica;G5;1;1;Algoritmos y programación;3;210;21;2;2017;día;Agamenón;Cátedra;15
1620;Ingeniería Ambiental;G5;4;3;Algoritmos y programación;3;210;21;2;2017;día;Agamenón;Cátedra;11
1675;Ingeniería De Sistemas;G5;4;3;Algoritmos y programación;3;210;21;2;2017;día;Agamenón;Cátedra;17
1702;Ingeniería Ambiental;G5;4;3,5;Algoritmos y programación;3;210;21;2;2017;día;Agamenón;Cátedra;12
1706;Ingeniería De Sistemas;G5;4;3;Algoritmos y programación;3;210;21;2;2017;día;Agamenón;Cátedra;14
1716;Ingeniería Electrónica;G5;4,5;3;Algoritmos y programación;3;210;21;2;2017;día;Agamenón;Cátedra;18
1763;Ingeniería Electrónica;G5;4;3,5;Algoritmos y programación;3;210;21;2;2017;día;Agamenón;Cátedra;19
1768;Ingeniería Industrial;G5;4;1;Algoritmos y programación;3;210;21;2;2017;día;Agamenón;Cátedra;13
1777;Ingeniería Ambiental;G5;4,5;3;Algoritmos y programación;3;210;21;2;2017;día;Agamenón;Cátedra;18
1797;Ingeniería De Sistemas;G5;4,5;5;Algoritmos y programación;3;210;21;2;2017;día;Agamenón;Cátedra;15
1819;Ingeniería Mecánica;G5;5;4,5;Algoritmos y programación;3;210;21;2;2017;día;Agamenón;Cátedra;16
1892;Ingeniería Ambiental;G5;4;3;Algoritmos y programación;3;210;21;2;2017;día;Agamenón;Cátedra;16
1923;Ingeniería Ambiental;G5;4;3;Algoritmos y programación;3;210;21;2;2017;día;Agamenón;Cátedra;20
1934;Ingeniería Industrial;G5;4,5;3;Algoritmos y programación;3;210;21;2;2017;día;Agamenón;Cátedra;14
1991;Ingeniería Electrónica;G5;4;3;Algoritmos y programación;3;210;21;2;2017;día;Agamenón;Cátedra;20
2000;Ingeniería Ambiental;G5;2;1;Algoritmos y programación;3;210;21;2;2017;día;Agamenón;Cátedra;19
2004;Ingeniería Electrónica;G5;4;3;Algoritmos y programación;3;210;21;2;2017;día;Agamenón;Cátedra;11
2017;Ingeniería Ambiental;G5;4,5;3;Algoritmos y programación;3;210;21;2;2017;día;Agamenón;Cátedra;13
2053;Ingeniería Ambiental;G5;4;3;Algoritmos y programación;3;210;21;2;2017;día;Agamenón;Cátedra;17
2066;Ingeniería De Sistemas;G5;4;3;Algoritmos y programación;3;210;21;2;2017;día;Agamenón;Cátedra;16
2069;Ingeniería Electrónica;G5;4;2,5;Algoritmos y programación;3;210;21;2;2017;día;Agamenón;Cátedra;12
1501;Ingeniería Ambiental;G12;0;0;Algoritmos y programación;3;218;21;2;2017;día;Dolón;TC;10
1630;Ingeniería Electrónica;G12;0;0;Algoritmos y programación;3;218;21;2;2017;día;Dolón;TC;10
1669;Ingeniería De Sistemas;G12;4;3,5;Algoritmos y programación;3;218;21;2;2017;día;Dolón;TC;1
1677;Ingeniería Electrónica;G12;4,5;4;Algoritmos y programación;3;218;21;2;2017;día;Dolón;TC;5
1681;Ingeniería Electrónica;G12;3,5;3;Algoritmos y programación;3;218;21;2;2017;día;Dolón;TC;6
1681;Ingeniería Electrónica;G12;3,5;3;Algoritmos y programación;3;218;21;2;2017;día;Dolón;TC;6
1720;Ingeniería Electrónica;G12;3;3,5;Algoritmos y programación;3;218;21;2;2017;día;Dolón;TC;5
1737;Ingeniería Ambiental;G12;0;0;Algoritmos y programación;3;218;21;2;2017;día;Dolón;TC;7
1738;Ingeniería Electrónica;G12;4,5;4,5;Algoritmos y programación;3;218;21;2;2017;día;Dolón;TC;4
1757;Ingeniería De Sistemas;G12;4;3,5;Algoritmos y programación;3;218;21;2;2017;día;Dolón;TC;9
1790;Ingeniería Electrónica;G12;4;3,5;Algoritmos y programación;3;218;21;2;2017;día;Dolón;TC;3
1811;Ingeniería Electrónica;G12;4,5;4,5;Algoritmos y programación;3;218;21;2;2017;día;Dolón;TC;4
1865;Ingeniería Mecánica;G12;4;3,5;Algoritmos y programación;3;218;21;2;2017;día;Dolón;TC;1
1883;Ingeniería Industrial;G12;5;5;Algoritmos y programación;3;218;21;2;2017;día;Dolón;TC;7
1896;Ingeniería Ambiental;G12;0;0;Algoritmos y programación;3;218;21;2;2017;día;Dolón;TC;6
1921;Ingeniería Ambiental;G12;4;3,5;Algoritmos y programación;3;218;21;2;2017;día;Dolón;TC;8
1924;Ingeniería Ambiental;G12;4,5;3;Algoritmos y programación;3;218;21;2;2017;día;Dolón;TC;9
1992;Ingeniería Electrónica;G12;4,5;4,5;Algoritmos y programación;3;218;21;2;2017;día;Dolón;TC;2
2003;Ingeniería Industrial;G12;4,5;4,5;Algoritmos y programación;3;218;21;2;2017;día;Dolón;TC;6
2008;Ingeniería Ambiental;G12;3;4,5;Algoritmos y programación;3;218;21;2;2017;día;Dolón;TC;9
2016;Ingeniería Ambiental;G12;3,5;0;Algoritmos y programación;3;218;21;2;2017;día;Dolón;TC;1
2046;Ingeniería De Sistemas;G12;4;2,5;Algoritmos y programación;3;218;21;2;2017;día;Dolón;TC;10
1502;Ingeniería De Sistemas;G16;2,5;3,5;Algoritmos y programación;3;208;17;2;2017;noche;Menelao;Cátedra;23
1557;Ingeniería De Sistemas;G16;3,5;4;Algoritmos y programación;3;208;17;2;2017;noche;Menelao;Cátedra;31
1586;Ingeniería De Sistemas;G16;3;2,5;Algoritmos y programación;3;208;17;2;2017;noche;Menelao;Cátedra;31
1597;Ingeniería De Sistemas;G16;2,5;2,5;Algoritmos y programación;3;208;17;2;2017;noche;Menelao;Cátedra;24
1603;Ingeniería De Sistemas;G16;3;3,5;Algoritmos y programación;3;208;17;2;2017;noche;Menelao;Cátedra;25
1606;Ingeniería De Sistemas;G16;0;0;Algoritmos y programación;3;208;17;2;2017;noche;Menelao;Cátedra;26
1647;Ingeniería De Sistemas;G16;0;0;Algoritmos y programación;3;208;17;2;2017;noche;Menelao;Cátedra;27
1697;Ingeniería De Sistemas;G16;3;2,5;Algoritmos y programación;3;208;17;2;2017;noche;Menelao;Cátedra;27
1698;Ingeniería De Sistemas;G16;4;3;Algoritmos y programación;3;208;17;2;2017;noche;Menelao;Cátedra;26
1705;Ingeniería De Sistemas;G16;3;4;Algoritmos y programación;3;208;17;2;2017;noche;Menelao;Cátedra;22
1847;Ingeniería De Sistemas;G16;4;3,5;Algoritmos y programación;3;208;17;2;2017;noche;Menelao;Cátedra;27
1862;Ingeniería De Sistemas;G16;3;3;Algoritmos y programación;3;208;17;2;2017;noche;Menelao;Cátedra;30
1871;Ingeniería De Sistemas;G16;3;2,5;Algoritmos y programación;3;208;17;2;2017;noche;Menelao;Cátedra;21
1918;Ingeniería Ambiental;G16;3;3,5;Algoritmos y programación;3;208;17;2;2017;noche;Menelao;Cátedra;21
1929;Ingeniería De Sistemas;G16;3,5;3,5;Algoritmos y programación;3;208;17;2;2017;noche;Menelao;Cátedra;28
2007;Ingeniería De Sistemas;G16;3,5;4,5;Algoritmos y programación;3;208;17;2;2017;noche;Menelao;Cátedra;24
2073;Ingeniería De Sistemas;G16;4;5;Algoritmos y programación;3;208;17;2;2017;noche;Menelao;Cátedra;29
1503;Ingeniería Ambiental;G4;4,5;3;Algoritmos y programación;3;213;22;2;2017;día;Hefesto;Cátedra;14
1559;Ingeniería Mecánica;G4;4;3,5;Algoritmos y programación;3;213;22;2;2017;día;Hefesto;Cátedra;14
1613;Ingeniería De Sistemas;G4;4,5;4,5;Algoritmos y programación;3;213;22;2;2017;día;Hefesto;Cátedra;13
1614;Ingeniería Ambiental;G4;4;3;Algoritmos y programación;3;213;22;2;2017;día;Hefesto;Cátedra;18
1644;Ingeniería Ambiental;G4;5;4,5;Algoritmos y programación;3;213;22;2;2017;día;Hefesto;Cátedra;16
1666;Ingeniería Ambiental;G4;5;3,5;Algoritmos y programación;3;213;22;2;2017;día;Hefesto;Cátedra;19
1689;Ingeniería Electrónica;G4;4,5;4,5;Algoritmos y programación;3;213;22;2;2017;día;Hefesto;Cátedra;15
1714;Ingeniería Industrial;G4;4,5;2,5;Algoritmos y programación;3;213;22;2;2017;día;Hefesto;Cátedra;13
1746;Ingeniería Ambiental;G4;4,5;4;Algoritmos y programación;3;213;22;2;2017;día;Hefesto;Cátedra;15
1773;Ingeniería Electrónica;G4;4,5;0;Algoritmos y programación;3;213;22;2;2017;día;Hefesto;Cátedra;17
1802;Ingeniería Electrónica;G4;4,5;3,5;Algoritmos y programación;3;213;22;2;2017;día;Hefesto;Cátedra;18
1833;Ingeniería Industrial;G4;4;3,5;Algoritmos y programación;3;213;22;2;2017;día;Hefesto;Cátedra;12
1946;Ingeniería Electrónica;G4;4;3,5;Algoritmos y programación;3;213;22;2;2017;día;Hefesto;Cátedra;16
1971;Ingeniería De Sistemas;G4;4;0;Algoritmos y programación;3;213;22;2;2017;día;Hefesto;Cátedra;14
1977;Ingeniería Ambiental;G4;4,5;3,5;Algoritmos y programación;3;213;22;2;2017;día;Hefesto;Cátedra;11
1990;Ingeniería Industrial;G4;4,5;3;Algoritmos y programación;3;213;22;2;2017;día;Hefesto;Cátedra;11
2018;Ingeniería Mecánica;G4;3,5;3;Algoritmos y programación;3;213;22;2;2017;día;Hefesto;Cátedra;15
2029;Ingeniería Electrónica;G4;4,5;3,5;Algoritmos y programación;3;213;22;2;2017;día;Hefesto;Cátedra;20
2032;Ingeniería Ambiental;G4;4;3;Algoritmos y programación;3;213;22;2;2017;día;Hefesto;Cátedra;12
2079;Ingeniería Ambiental;G4;4;3;Algoritmos y programación;3;213;22;2;2017;día;Hefesto;Cátedra;20
2082;Ingeniería Ambiental;G4;4,5;3;Algoritmos y programación;3;213;22;2;2017;día;Hefesto;Cátedra;17
2090;Ingeniería Electrónica;G4;3,5;0;Algoritmos y programación;3;213;22;2;2017;día;Hefesto;Cátedra;19
1504;Ingeniería Ambiental;G6;3,5;2,5;Algoritmos y programación;3;222;22;2;2017;día;Atenea;TC;18
1527;Ingeniería De Sistemas;G6;1,5;0;Algoritmos y programación;3;222;22;2;2017;día;Atenea;TC;8
1534;Ingeniería Mecánica;G6;3,5;2,5;Algoritmos y programación;3;222;22;2;2017;día;Atenea;TC;13
1609;Ingeniería Mecánica;G6;4;3,5;Algoritmos y programación;3;222;22;2;2017;día;Atenea;TC;9
1633;Ingeniería Ambiental;G6;2,5;0;Algoritmos y programación;3;222;22;2;2017;día;Atenea;TC;7
1664;Ingeniería Ambiental;G6;3;4;Algoritmos y programación;3;222;22;2;2017;día;Atenea;TC;20
1696;Ingeniería Ambiental;G6;4;2;Algoritmos y programación;3;222;22;2;2017;día;Atenea;TC;7
1727;Ingeniería Mecánica;G6;2,5;2,5;Algoritmos y programación;3;222;22;2;2017;día;Atenea;TC;11
1728;Ingeniería De Sistemas;G6;3,5;4;Algoritmos y programación;3;222;22;2;2017;día;Atenea;TC;13
1745;Ingeniería Ambiental;G6;4;3,5;Algoritmos y programación;3;222;22;2;2017;día;Atenea;TC;17
1764;Ingeniería Mecánica;G6;3,5;3,5;Algoritmos y programación;3;222;22;2;2017;día;Atenea;TC;20
1767;Ingeniería Electrónica;G6;4,5;5;Algoritmos y programación;3;222;22;2;2017;día;Atenea;TC;16
1775;Ingeniería De Sistemas;G6;4;3;Algoritmos y programación;3;222;22;2;2017;día;Atenea;TC;8
1801;Ingeniería Mecánica;G6;2,5;2;Algoritmos y programación;3;222;22;2;2017;día;Atenea;TC;12
1859;Ingeniería De Sistemas;G6;4;4,5;Algoritmos y programación;3;222;22;2;2017;día;Atenea;TC;14
1897;Ingeniería Mecánica;G6;3;3;Algoritmos y programación;3;222;22;2;2017;día;Atenea;TC;19
1925;Ingeniería Ambiental;G6;2,5;3;Algoritmos y programación;3;222;22;2;2017;día;Atenea;TC;11
1927;Ingeniería Ambiental;G6;3,5;4,5;Algoritmos y programación;3;222;22;2;2017;día;Atenea;TC;12
1942;Ingeniería Electrónica;G6;3;4;Algoritmos y programación;3;222;22;2;2017;día;Atenea;TC;15
1995;Ingeniería Industrial;G6;2;0;Algoritmos y programación;3;222;22;2;2017;día;Atenea;TC;17
2025;Ingeniería Ambiental;G6;3;3;Algoritmos y programación;3;222;22;2;2017;día;Atenea;TC;19
2027;Ingeniería Industrial;G6;4;3;Algoritmos y programación;3;222;22;2;2017;día;Atenea;TC;18
1505;Ingeniería De Sistemas;G7;4;3,5;Algoritmos y programación;3;203;20;2;2017;día;Artemisa;TC;17
1509;Ingeniería Industrial;G7;3;1,5;Algoritmos y programación;3;203;20;2;2017;día;Artemisa;TC;15
1510;Ingeniería De Sistemas;G7;3,5;1,5;Algoritmos y programación;3;203;20;2;2017;día;Artemisa;TC;18
1520;Ingeniería Electrónica;G7;4,5;5;Algoritmos y programación;3;203;20;2;2017;día;Artemisa;TC;11
1560;Ingeniería Ambiental;G7;2;0,5;Algoritmos y programación;3;203;20;2;2017;día;Artemisa;TC;14
1624;Ingeniería Electrónica;G7;2;0;Algoritmos y programación;3;203;20;2;2017;día;Artemisa;TC;8
1693;Ingeniería Industrial;G7;2,5;2,5;Algoritmos y programación;3;203;20;2;2017;día;Artemisa;TC;2
1695;Ingeniería Industrial;G7;0;0;Algoritmos y programación;3;203;20;2;2017;día;Artemisa;TC;16
1739;Ingeniería Electrónica;G7;4;3,5;Algoritmos y programación;3;203;20;2;2017;día;Artemisa;TC;13
1769;Ingeniería Electrónica;G7;3;1,5;Algoritmos y programación;3;203;20;2;2017;día;Artemisa;TC;20
1781;Ingeniería Electrónica;G7;2,5;0;Algoritmos y programación;3;203;20;2;2017;día;Artemisa;TC;2
1826;Ingeniería Industrial;G7;4;2;Algoritmos y programación;3;203;20;2;2017;día;Artemisa;TC;17
1853;Ingeniería Electrónica;G7;4;4,5;Algoritmos y programación;3;203;20;2;2017;día;Artemisa;TC;14
1861;Ingeniería Ambiental;G7;1,5;0;Algoritmos y programación;3;203;20;2;2017;día;Artemisa;TC;16
1906;Ingeniería Ambiental;G7;3,5;2;Algoritmos y programación;3;203;20;2;2017;día;Artemisa;TC;15
1944;Ingeniería Electrónica;G7;3,5;2;Algoritmos y programación;3;203;20;2;2017;día;Artemisa;TC;19
1947;Ingeniería Mecánica;G7;1;0;Algoritmos y programación;3;203;20;2;2017;día;Artemisa;TC;7
1957;Ingeniería Electrónica;G7;4;2;Algoritmos y programación;3;203;20;2;2017;día;Artemisa;TC;12
1989;Ingeniería Ambiental;G7;2;0;Algoritmos y programación;3;203;20;2;2017;día;Artemisa;TC;2
2006;Ingeniería Industrial;G7;3,5;1,5;Algoritmos y programación;3;203;20;2;2017;día;Artemisa;TC;18
1506;Ingeniería Ambiental;G26;3;3,5;Algoritmos y programación;3;212;15;2;2017;noche;Príamo;Cátedra;30
1571;Ingeniería Ambiental;G26;3;3;Algoritmos y programación;3;212;15;2;2017;noche;Príamo;Cátedra;30
1638;Ingeniería Industrial;G26;3,5;3;Algoritmos y programación;3;212;15;2;2017;noche;Príamo;Cátedra;28
1772;Ingeniería Industrial;G26;3,5;2,5;Algoritmos y programación;3;212;15;2;2017;noche;Príamo;Cátedra;24
1792;Ingeniería Mecánica;G26;4,5;3,5;Algoritmos y programación;3;212;15;2;2017;noche;Príamo;Cátedra;29
1841;Ingeniería Industrial;G26;4;3;Algoritmos y programación;3;212;15;2;2017;noche;Príamo;Cátedra;31
1852;Ingeniería Ambiental;G26;3;2;Algoritmos y programación;3;212;15;2;2017;noche;Príamo;Cátedra;31
1872;Ingeniería Ambiental;G26;4,5;3;Algoritmos y programación;3;212;15;2;2017;noche;Príamo;Cátedra;29
1910;Ingeniería Ambiental;G26;0;1,5;Algoritmos y programación;3;212;15;2;2017;noche;Príamo;Cátedra;26
1978;Ingeniería Ambiental;G26;4,5;4;Algoritmos y programación;3;212;15;2;2017;noche;Príamo;Cátedra;30
2034;Ingeniería Industrial;G26;4,5;3,5;Algoritmos y programación;3;212;15;2;2017;noche;Príamo;Cátedra;25
2037;Ingeniería Electrónica;G26;4,5;4,5;Algoritmos y programación;3;212;15;2;2017;noche;Príamo;Cátedra;32
2041;Ingeniería Ambiental;G26;4,5;5;Algoritmos y programación;3;212;15;2;2017;noche;Príamo;Cátedra;31
2103;Ingeniería Ambiental;G26;4;3,5;Algoritmos y programación;3;212;15;2;2017;noche;Príamo;Cátedra;31
2114;Ingeniería De Sistemas;G26;4,5;4;Algoritmos y programación;3;212;15;2;2017;noche;Príamo;Cátedra;28
1507;Ingeniería Ambiental;G25;1,5;2,5;Algoritmos y programación;3;207;17;2;2017;noche;Briseida;TC;29
1515;Ingeniería Electrónica;G25;4;4,5;Algoritmos y programación;3;207;17;2;2017;noche;Briseida;TC;26
1525;Ingeniería Ambiental;G25;4;3,5;Algoritmos y programación;3;207;17;2;2017;noche;Briseida;TC;21
1554;Ingeniería Electrónica;G25;3,5;4;Algoritmos y programación;3;207;17;2;2017;noche;Briseida;TC;27
1555;Ingeniería Ambiental;G25;3,5;4;Algoritmos y programación;3;207;17;2;2017;noche;Briseida;TC;25
1566;Ingeniería Ambiental;G25;3;4;Algoritmos y programación;3;207;17;2;2017;noche;Briseida;TC;31
1569;Ingeniería Ambiental;G25;4;3,5;Algoritmos y programación;3;207;17;2;2017;noche;Briseida;TC;32
1704;Ingeniería Ambiental;G25;3;3,5;Algoritmos y programación;3;207;17;2;2017;noche;Briseida;TC;24
1748;Ingeniería Ambiental;G25;1,5;1,5;Algoritmos y programación;3;207;17;2;2017;noche;Briseida;TC;26
1749;Ingeniería Ambiental;G25;1,5;1,5;Algoritmos y programación;3;207;17;2;2017;noche;Briseida;TC;27
1755;Ingeniería Ambiental;G25;4;4;Algoritmos y programación;3;207;17;2;2017;noche;Briseida;TC;26
1838;Ingeniería Ambiental;G25;3,5;3,5;Algoritmos y programación;3;207;17;2;2017;noche;Briseida;TC;23
1870;Ingeniería Industrial;G25;4;3;Algoritmos y programación;3;207;17;2;2017;noche;Briseida;TC;28
1898;Ingeniería Ambiental;G25;3,5;3,5;Algoritmos y programación;3;207;17;2;2017;noche;Briseida;TC;27
1903;Ingeniería Ambiental;G25;1,5;1,5;Algoritmos y programación;3;207;17;2;2017;noche;Briseida;TC;30
1928;Ingeniería Ambiental;G25;3,5;3,5;Algoritmos y programación;3;207;17;2;2017;noche;Briseida;TC;22
2052;Ingeniería Ambiental;G25;1,5;0;Algoritmos y programación;3;207;17;2;2017;noche;Briseida;TC;28
1508;Ingeniería De Sistemas;G24;3;3;Algoritmos y programación;3;208;15;2;2017;noche;Menelao;Cátedra;22
1552;Ingeniería Ambiental;G24;3,5;2,5;Algoritmos y programación;3;208;15;2;2017;noche;Menelao;Cátedra;21
1634;Ingeniería Electrónica;G24;3,5;2,5;Algoritmos y programación;3;208;15;2;2017;noche;Menelao;Cátedra;27
1656;Ingeniería Industrial;G24;3,5;3;Algoritmos y programación;3;208;15;2;2017;noche;Menelao;Cátedra;23
1709;Ingeniería Industrial;G24;3;3;Algoritmos y programación;3;208;15;2;2017;noche;Menelao;Cátedra;22
1729;Ingeniería Electrónica;G24;2;0;Algoritmos y programación;3;208;15;2;2017;noche;Menelao;Cátedra;24
1784;Ingeniería De Sistemas;G24;3;2,5;Algoritmos y programación;3;208;15;2;2017;noche;Menelao;Cátedra;32
1803;Ingeniería Mecánica;G24;2;2,5;Algoritmos y programación;3;208;15;2;2017;noche;Menelao;Cátedra;32
1820;Ingeniería Industrial;G24;3,5;3;Algoritmos y programación;3;208;15;2;2017;noche;Menelao;Cátedra;24
1901;Ingeniería Industrial;G24;3;2,5;Algoritmos y programación;3;208;15;2;2017;noche;Menelao;Cátedra;21
1920;Ingeniería Mecánica;G24;3;3;Algoritmos y programación;3;208;15;2;2017;noche;Menelao;Cátedra;25
1932;Ingeniería Mecánica;G24;2;0;Algoritmos y programación;3;208;15;2;2017;noche;Menelao;Cátedra;29
1950;Ingeniería Industrial;G24;2,5;3;Algoritmos y programación;3;208;15;2;2017;noche;Menelao;Cátedra;30
2024;Ingeniería De Sistemas;G24;3;3,5;Algoritmos y programación;3;208;15;2;2017;noche;Menelao;Cátedra;28
2086;Ingeniería Mecánica;G24;2,5;2,5;Algoritmos y programación;3;208;15;2;2017;noche;Menelao;Cátedra;23
1511;Ingeniería Mecánica;G28;4,5;4,5;Algoritmos y programación;3;205;20;2;2017;noche;Néstor;Cátedra;26
1524;Ingeniería Ambiental;G28;0;0;Algoritmos y programación;3;205;20;2;2017;noche;Néstor;Cátedra;25
1545;Ingeniería Ambiental;G28;3;3;Algoritmos y programación;3;205;20;2;2017;noche;Néstor;Cátedra;23
1565;Ingeniería Electrónica;G28;4,5;4;Algoritmos y programación;3;205;20;2;2017;noche;Néstor;Cátedra;30
1591;Ingeniería Mecánica;G28;0;0;Algoritmos y programación;3;205;20;2;2017;noche;Néstor;Cátedra;25
1592;Ingeniería Mecánica;G28;4;4;Algoritmos y programación;3;205;20;2;2017;noche;Néstor;Cátedra;32
1673;Ingeniería Electrónica;G28;4,5;3,5;Algoritmos y programación;3;205;20;2;2017;noche;Néstor;Cátedra;21
1682;Ingeniería Electrónica;G28;4,5;4;Algoritmos y programación;3;205;20;2;2017;noche;Néstor;Cátedra;22
1694;Ingeniería Ambiental;G28;0;0;Algoritmos y programación;3;205;20;2;2017;noche;Néstor;Cátedra;28
1711;Ingeniería Ambiental;G28;4,5;5;Algoritmos y programación;3;205;20;2;2017;noche;Néstor;Cátedra;24
1809;Ingeniería Electrónica;G28;0;0;Algoritmos y programación;3;205;20;2;2017;noche;Néstor;Cátedra;31
1816;Ingeniería Electrónica;G28;4,5;3,5;Algoritmos y programación;3;205;20;2;2017;noche;Néstor;Cátedra;32
1832;Ingeniería Ambiental;G28;4,5;4;Algoritmos y programación;3;205;20;2;2017;noche;Néstor;Cátedra;29
1856;Ingeniería Electrónica;G28;3;4;Algoritmos y programación;3;205;20;2;2017;noche;Néstor;Cátedra;30
1876;Ingeniería Ambiental;G28;3,5;4,5;Algoritmos y programación;3;205;20;2;2017;noche;Néstor;Cátedra;22
1959;Ingeniería Ambiental;G28;5;4;Algoritmos y programación;3;205;20;2;2017;noche;Néstor;Cátedra;26
2010;Ingeniería Mecánica;G28;5;4,5;Algoritmos y programación;3;205;20;2;2017;noche;Néstor;Cátedra;27
2036;Ingeniería Industrial;G28;5;4;Algoritmos y programación;3;205;20;2;2017;noche;Néstor;Cátedra;23
2064;Ingeniería Ambiental;G28;4;4,5;Algoritmos y programación;3;205;20;2;2017;noche;Néstor;Cátedra;27
2107;Ingeniería Industrial;G28;4,5;4;Algoritmos y programación;3;205;20;2;2017;noche;Néstor;Cátedra;24
1512;Ingeniería Industrial;G9;3,5;2;Algoritmos y programación;3;219;24;2;2017;día;Hades;TC;17
1540;Ingeniería Mecánica;G9;4;1,5;Algoritmos y programación;3;219;24;2;2017;día;Hades;TC;12
1595;Ingeniería Ambiental;G9;3,5;1,5;Algoritmos y programación;3;219;24;2;2017;día;Hades;TC;12
1602;Ingeniería De Sistemas;G9;4;3;Algoritmos y programación;3;219;24;2;2017;día;Hades;TC;11
1636;Ingeniería Ambiental;G9;3;2,5;Algoritmos y programación;3;219;24;2;2017;día;Hades;TC;20
1652;Ingeniería Industrial;G9;4;4,5;Algoritmos y programación;3;219;24;2;2017;día;Hades;TC;19
1659;Ingeniería Ambiental;G9;3,5;2,5;Algoritmos y programación;3;219;24;2;2017;día;Hades;TC;18
1676;Ingeniería De Sistemas;G9;4;3,5;Algoritmos y programación;3;219;24;2;2017;día;Hades;TC;13
1730;Ingeniería De Sistemas;G9;4;2,5;Algoritmos y programación;3;219;24;2;2017;día;Hades;TC;12
1762;Ingeniería Ambiental;G9;3,5;2;Algoritmos y programación;3;219;24;2;2017;día;Hades;TC;11
1765;Ingeniería Industrial;G9;1,5;0;Algoritmos y programación;3;219;24;2;2017;día;Hades;TC;4
1776;Ingeniería Industrial;G9;3,5;1,5;Algoritmos y programación;3;219;24;2;2017;día;Hades;TC;18
1789;Ingeniería Ambiental;G9;3,5;2,5;Algoritmos y programación;3;219;24;2;2017;día;Hades;TC;13
1794;Ingeniería Ambiental;G9;3;3;Algoritmos y programación;3;219;24;2;2017;día;Hades;TC;14
1810;Ingeniería Electrónica;G9;3,5;4;Algoritmos y programación;3;219;24;2;2017;día;Hades;TC;14
1846;Ingeniería Electrónica;G9;3,5;3,5;Algoritmos y programación;3;219;24;2;2017;día;Hades;TC;15
1863;Ingeniería Electrónica;G9;0;0;Algoritmos y programación;3;219;24;2;2017;día;Hades;TC;16
1939;Ingeniería Ambiental;G9;4;3;Algoritmos y programación;3;219;24;2;2017;día;Hades;TC;20
1998;Ingeniería Ambiental;G9;4,5;4,5;Algoritmos y programación;3;219;24;2;2017;día;Hades;TC;16
2026;Ingeniería Ambiental;G9;4,5;3;Algoritmos y programación;3;219;24;2;2017;día;Hades;TC;15
2040;Ingeniería Ambiental;G9;3,5;5;Algoritmos y programación;3;219;24;2;2017;día;Hades;TC;17
2045;Ingeniería Industrial;G9;4,5;5;Algoritmos y programación;3;219;24;2;2017;día;Hades;TC;20
2061;Ingeniería Mecánica;G9;4;4,5;Algoritmos y programación;3;219;24;2;2017;día;Hades;TC;11
2072;Ingeniería Ambiental;G9;4;4,5;Algoritmos y programación;3;219;24;2;2017;día;Hades;TC;19
1513;Ingeniería Electrónica;G32;4;5;Algoritmos y programación;3;223;24;2;2017;día;Polidoro;TC;2
1553;Ingeniería Ambiental;G32;3,5;4;Algoritmos y programación;3;223;24;2;2017;día;Polidoro;TC;8
1604;Ingeniería Ambiental;G32;3,5;3;Algoritmos y programación;3;223;24;2;2017;día;Polidoro;TC;9
1621;Ingeniería Ambiental;G32;4;4,5;Algoritmos y programación;3;223;24;2;2017;día;Polidoro;TC;4
1623;Ingeniería Ambiental;G32;4;3,5;Algoritmos y programación;3;223;24;2;2017;día;Polidoro;TC;5
1628;Ingeniería Electrónica;G32;4;5;Algoritmos y programación;3;223;24;2;2017;día;Polidoro;TC;4
1687;Ingeniería Ambiental;G32;4;3,5;Algoritmos y programación;3;223;24;2;2017;día;Polidoro;TC;4
1761;Ingeniería Ambiental;G32;3,5;2,5;Algoritmos y programación;3;223;24;2;2017;día;Polidoro;TC;7
1873;Ingeniería Ambiental;G32;4;2,5;Algoritmos y programación;3;223;24;2;2017;día;Polidoro;TC;6
1879;Ingeniería De Sistemas;G32;3,5;3;Algoritmos y programación;3;223;24;2;2017;día;Polidoro;TC;9
1886;Ingeniería Ambiental;G32;3,5;4;Algoritmos y programación;3;223;24;2;2017;día;Polidoro;TC;7
1891;Ingeniería Ambiental;G32;4;4,5;Algoritmos y programación;3;223;24;2;2017;día;Polidoro;TC;3
1895;Ingeniería Ambiental;G32;4;2,5;Algoritmos y programación;3;223;24;2;2017;día;Polidoro;TC;5
1912;Ingeniería Ambiental;G32;4;3;Algoritmos y programación;3;223;24;2;2017;día;Polidoro;TC;1
1930;Ingeniería Ambiental;G32;5;4;Algoritmos y programación;3;223;24;2;2017;día;Polidoro;TC;3
1940;Ingeniería Ambiental;G32;5;5;Algoritmos y programación;3;223;24;2;2017;día;Polidoro;TC;2
1999;Ingeniería Ambiental;G32;3,5;0;Algoritmos y programación;3;223;24;2;2017;día;Polidoro;TC;1
2009;Ingeniería Ambiental;G32;3,5;3;Algoritmos y programación;3;223;24;2;2017;día;Polidoro;TC;8
2011;Ingeniería De Sistemas;G32;4,5;4;Algoritmos y programación;3;223;24;2;2017;día;Polidoro;TC;10
2062;Ingeniería Ambiental;G32;4;4;Algoritmos y programación;3;223;24;2;2017;día;Polidoro;TC;10
2065;Ingeniería De Sistemas;G32;2;4;Algoritmos y programación;3;223;24;2;2017;día;Polidoro;TC;1
2068;Ingeniería Ambiental;G32;4,5;4;Algoritmos y programación;3;223;24;2;2017;día;Polidoro;TC;2
2074;Ingeniería Ambiental;G32;4,5;4;Algoritmos y programación;3;223;24;2;2017;día;Polidoro;TC;6
2083;Ingeniería Electrónica;G32;4,5;4,5;Algoritmos y programación;3;223;24;2;2017;día;Polidoro;TC;3
1514;Ingeniería Ambiental;G10;3,5;3,5;Algoritmos y programación;3;203;20;2;2017;día;Artemisa;TC;14
1528;Ingeniería De Sistemas;G10;2;0;Algoritmos y programación;3;203;20;2;2017;día;Artemisa;TC;6
1581;Ingeniería Industrial;G10;1,5;0;Algoritmos y programación;3;203;20;2;2017;día;Artemisa;TC;8
1587;Ingeniería Ambiental;G10;2,5;1,5;Algoritmos y programación;3;203;20;2;2017;día;Artemisa;TC;10
1637;Ingeniería Ambiental;G10;3;1,5;Algoritmos y programación;3;203;20;2;2017;día;Artemisa;TC;13
1783;Ingeniería Ambiental;G10;2,5;1,5;Algoritmos y programación;3;203;20;2;2017;día;Artemisa;TC;17
1823;Ingeniería Ambiental;G10;2,5;1;Algoritmos y programación;3;203;20;2;2017;día;Artemisa;TC;12
1839;Ingeniería Ambiental;G10;2;1,5;Algoritmos y programación;3;203;20;2;2017;día;Artemisa;TC;13
1884;Ingeniería Ambiental;G10;2,5;1,5;Algoritmos y programación;3;203;20;2;2017;día;Artemisa;TC;14
1894;Ingeniería Industrial;G10;4;4;Algoritmos y programación;3;203;20;2;2017;día;Artemisa;TC;16
1909;Ingeniería Ambiental;G10;3,5;3;Algoritmos y programación;3;203;20;2;2017;día;Artemisa;TC;16
1915;Ingeniería Ambiental;G10;0;0;Algoritmos y programación;3;203;20;2;2017;día;Artemisa;TC;18
1916;Ingeniería Ambiental;G10;3,5;1,5;Algoritmos y programación;3;203;20;2;2017;día;Artemisa;TC;19
1922;Ingeniería Ambiental;G10;0;0;Algoritmos y programación;3;203;20;2;2017;día;Artemisa;TC;11
1931;Ingeniería Ambiental;G10;2,5;3;Algoritmos y programación;3;203;20;2;2017;día;Artemisa;TC;15
1973;Ingeniería Industrial;G10;4;3;Algoritmos y programación;3;203;20;2;2017;día;Artemisa;TC;17
1994;Ingeniería Ambiental;G10;0,5;0;Algoritmos y programación;3;203;20;2;2017;día;Artemisa;TC;3
2001;Ingeniería Ambiental;G10;1;1;Algoritmos y programación;3;203;20;2;2017;día;Artemisa;TC;20
2056;Ingeniería Ambiental;G10;1,5;0,5;Algoritmos y programación;3;203;20;2;2017;día;Artemisa;TC;10
2059;Ingeniería Ambiental;G10;2,5;0;Algoritmos y programación;3;203;20;2;2017;día;Artemisa;TC;15
1516;Ingeniería De Sistemas;G29;2,5;3,5;Algoritmos y programación;3;214;12;2;2017;noche;Paris;Cátedra;32
1517;Ingeniería De Sistemas;G29;2;2;Algoritmos y programación;3;214;12;2;2017;noche;Paris;Cátedra;22
1530;Ingeniería Ambiental;G29;3;3;Algoritmos y programación;3;214;12;2;2017;noche;Paris;Cátedra;28
1605;Ingeniería De Sistemas;G29;2,5;0;Algoritmos y programación;3;214;12;2;2017;noche;Paris;Cátedra;23
1642;Ingeniería Industrial;G29;2;3,5;Algoritmos y programación;3;214;12;2;2017;noche;Paris;Cátedra;27
1667;Ingeniería De Sistemas;G29;2,5;3;Algoritmos y programación;3;214;12;2;2017;noche;Paris;Cátedra;24
1760;Ingeniería De Sistemas;G29;4,5;3,5;Algoritmos y programación;3;214;12;2;2017;noche;Paris;Cátedra;29
1860;Ingeniería De Sistemas;G29;4;3;Algoritmos y programación;3;214;12;2;2017;noche;Paris;Cátedra;26
1949;Ingeniería De Sistemas;G29;2,5;3;Algoritmos y programación;3;214;12;2;2017;noche;Paris;Cátedra;31
2005;Ingeniería De Sistemas;G29;4,5;3,5;Algoritmos y programación;3;214;12;2;2017;noche;Paris;Cátedra;25
2033;Ingeniería De Sistemas;G29;5;4;Algoritmos y programación;3;214;12;2;2017;noche;Paris;Cátedra;30
2088;Ingeniería De Sistemas;G29;3,5;3,5;Algoritmos y programación;3;214;12;2;2017;noche;Paris;Cátedra;21
1518;Ingeniería Ambiental;G8;4;3;Algoritmos y programación;3;220;23;2;2017;día;Euforbo;TC;19
1526;Ingeniería Industrial;G8;3,5;3;Algoritmos y programación;3;220;23;2;2017;día;Euforbo;TC;15
1548;Ingeniería Electrónica;G8;3;3;Algoritmos y programación;3;220;23;2;2017;día;Euforbo;TC;11
1570;Ingeniería Industrial;G8;4;4;Algoritmos y programación;3;220;23;2;2017;día;Euforbo;TC;14
1575;Ingeniería Electrónica;G8;4;5;Algoritmos y programación;3;220;23;2;2017;día;Euforbo;TC;17
1590;Ingeniería Electrónica;G8;3,5;0;Algoritmos y programación;3;220;23;2;2017;día;Euforbo;TC;3
1619;Ingeniería Industrial;G8;2;3;Algoritmos y programación;3;220;23;2;2017;día;Euforbo;TC;17
1708;Ingeniería Electrónica;G8;3;3,5;Algoritmos y programación;3;220;23;2;2017;día;Euforbo;TC;13
1710;Ingeniería Electrónica;G8;4;3,5;Algoritmos y programación;3;220;23;2;2017;día;Euforbo;TC;15
1742;Ingeniería Industrial;G8;4;5;Algoritmos y programación;3;220;23;2;2017;día;Euforbo;TC;13
1759;Ingeniería Mecánica;G8;4;3,5;Algoritmos y programación;3;220;23;2;2017;día;Euforbo;TC;19
1786;Ingeniería Ambiental;G8;5;3;Algoritmos y programación;3;220;23;2;2017;día;Euforbo;TC;20
1806;Ingeniería Electrónica;G8;4;4;Algoritmos y programación;3;220;23;2;2017;día;Euforbo;TC;16
1837;Ingeniería Electrónica;G8;4,5;3,5;Algoritmos y programación;3;220;23;2;2017;día;Euforbo;TC;18
1840;Ingeniería Electrónica;G8;3,5;4;Algoritmos y programación;3;220;23;2;2017;día;Euforbo;TC;19
1851;Ingeniería Electrónica;G8;4;3,5;Algoritmos y programación;3;220;23;2;2017;día;Euforbo;TC;20
1972;Ingeniería Ambiental;G8;4;3,5;Algoritmos y programación;3;220;23;2;2017;día;Euforbo;TC;11
1997;Ingeniería De Sistemas;G8;4;4;Algoritmos y programación;3;220;23;2;2017;día;Euforbo;TC;12
2015;Ingeniería Industrial;G8;4,5;3;Algoritmos y programación;3;220;23;2;2017;día;Euforbo;TC;16
2030;Ingeniería Industrial;G8;5;3,5;Algoritmos y programación;3;220;23;2;2017;día;Euforbo;TC;18
2031;Ingeniería Ambiental;G8;2;1;Algoritmos y programación;3;220;23;2;2017;día;Euforbo;TC;8
2057;Ingeniería Electrónica;G8;4;4;Algoritmos y programación;3;220;23;2;2017;día;Euforbo;TC;14
2076;Ingeniería Electrónica;G8;4;3;Algoritmos y programación;3;220;23;2;2017;día;Euforbo;TC;12
1519;Ingeniería Ambiental;G21;2;3;Algoritmos y programación;3;208;17;2;2017;noche;Menelao;Cátedra;25
1541;Ingeniería Ambiental;G21;2;3;Algoritmos y programación;3;208;17;2;2017;noche;Menelao;Cátedra;21
1567;Ingeniería Industrial;G21;3,5;3;Algoritmos y programación;3;208;17;2;2017;noche;Menelao;Cátedra;31
1578;Ingeniería Ambiental;G21;3;2,5;Algoritmos y programación;3;208;17;2;2017;noche;Menelao;Cátedra;32
1584;Ingeniería De Sistemas;G21;4;4;Algoritmos y programación;3;208;17;2;2017;noche;Menelao;Cátedra;27
1608;Ingeniería Ambiental;G21;3;2;Algoritmos y programación;3;208;17;2;2017;noche;Menelao;Cátedra;29
1726;Ingeniería Industrial;G21;3;2,5;Algoritmos y programación;3;208;17;2;2017;noche;Menelao;Cátedra;25
1751;Ingeniería Electrónica;G21;3,5;3,5;Algoritmos y programación;3;208;17;2;2017;noche;Menelao;Cátedra;22
1804;Ingeniería Industrial;G21;2;2,5;Algoritmos y programación;3;208;17;2;2017;noche;Menelao;Cátedra;21
1825;Ingeniería Mecánica;G21;3;3,5;Algoritmos y programación;3;208;17;2;2017;noche;Menelao;Cátedra;27
1874;Ingeniería Ambiental;G21;2,5;3,5;Algoritmos y programación;3;208;17;2;2017;noche;Menelao;Cátedra;29
1945;Ingeniería Industrial;G21;3,5;2,5;Algoritmos y programación;3;208;17;2;2017;noche;Menelao;Cátedra;23
1969;Ingeniería Ambiental;G21;2,5;3;Algoritmos y programación;3;208;17;2;2017;noche;Menelao;Cátedra;30
2028;Ingeniería Ambiental;G21;2,5;3,5;Algoritmos y programación;3;208;17;2;2017;noche;Menelao;Cátedra;31
2038;Ingeniería Mecánica;G21;3;3;Algoritmos y programación;3;208;17;2;2017;noche;Menelao;Cátedra;26
2080;Ingeniería Mecánica;G21;2,5;3,5;Algoritmos y programación;3;208;17;2;2017;noche;Menelao;Cátedra;23
2095;Ingeniería Ambiental;G21;3;2,5;Algoritmos y programación;3;208;17;2;2017;noche;Menelao;Cátedra;22
1521;Ingeniería Ambiental;G11;4;2;Algoritmos y programación;3;201;23;2;2017;día;Patroclo;TC;20
1572;Ingeniería Industrial;G11;3;3;Algoritmos y programación;3;201;23;2;2017;día;Patroclo;TC;3
1585;Ingeniería Electrónica;G11;4,5;4;Algoritmos y programación;3;201;23;2;2017;día;Patroclo;TC;3
1600;Ingeniería Ambiental;G11;3;2;Algoritmos y programación;3;201;23;2;2017;día;Patroclo;TC;19
1643;Ingeniería Industrial;G11;4,5;3,5;Algoritmos y programación;3;201;23;2;2017;día;Patroclo;TC;10
1662;Ingeniería De Sistemas;G11;2,5;2,5;Algoritmos y programación;3;201;23;2;2017;día;Patroclo;TC;2
1800;Ingeniería De Sistemas;G11;4;3,5;Algoritmos y programación;3;201;23;2;2017;día;Patroclo;TC;4
1836;Ingeniería De Sistemas;G11;3,5;3;Algoritmos y programación;3;201;23;2;2017;día;Patroclo;TC;5
1905;Ingeniería Ambiental;G11;2,5;2;Algoritmos y programación;3;201;23;2;2017;día;Patroclo;TC;4
1938;Ingeniería Electrónica;G11;4,5;4,5;Algoritmos y programación;3;201;23;2;2017;día;Patroclo;TC;9
1954;Ingeniería De Sistemas;G11;2,5;3,5;Algoritmos y programación;3;201;23;2;2017;día;Patroclo;TC;3
1956;Ingeniería Ambiental;G11;4;3;Algoritmos y programación;3;201;23;2;2017;día;Patroclo;TC;1
1958;Ingeniería Industrial;G11;4;3;Algoritmos y programación;3;201;23;2;2017;día;Patroclo;TC;2
1961;Ingeniería Electrónica;G11;2,5;3;Algoritmos y programación;3;201;23;2;2017;día;Patroclo;TC;7
1964;Ingeniería Industrial;G11;3,5;3;Algoritmos y programación;3;201;23;2;2017;día;Patroclo;TC;4
1975;Ingeniería Ambiental;G11;4,5;3;Algoritmos y programación;3;201;23;2;2017;día;Patroclo;TC;1
1986;Ingeniería Electrónica;G11;4;3,5;Algoritmos y programación;3;201;23;2;2017;día;Patroclo;TC;6
2035;Ingeniería Industrial;G11;4,5;3,5;Algoritmos y programación;3;201;23;2;2017;día;Patroclo;TC;1
2043;Ingeniería Industrial;G11;4,5;3,5;Algoritmos y programación;3;201;23;2;2017;día;Patroclo;TC;5
2047;Ingeniería De Sistemas;G11;4,5;3;Algoritmos y programación;3;201;23;2;2017;día;Patroclo;TC;2
2093;Ingeniería Ambiental;G11;3;3;Algoritmos y programación;3;201;23;2;2017;día;Patroclo;TC;18
2100;Ingeniería Ambiental;G11;2,5;2,5;Algoritmos y programación;3;201;23;2;2017;día;Patroclo;TC;3
2105;Ingeniería Electrónica;G11;4,5;3;Algoritmos y programación;3;201;23;2;2017;día;Patroclo;TC;8
1522;Ingeniería Ambiental;G33;4,5;4;Algoritmos y programación;3;213;21;2;2017;día;Hefesto;Cátedra;9
1523;Ingeniería Ambiental;G33;4;3,5;Algoritmos y programación;3;213;21;2;2017;día;Hefesto;Cátedra;1
1533;Ingeniería Electrónica;G33;4,5;4;Algoritmos y programación;3;213;21;2;2017;día;Hefesto;Cátedra;8
1580;Ingeniería Mecánica;G33;3,5;3;Algoritmos y programación;3;213;21;2;2017;día;Hefesto;Cátedra;5
1618;Ingeniería Ambiental;G33;5;4;Algoritmos y programación;3;213;21;2;2017;día;Hefesto;Cátedra;3
1660;Ingeniería Ambiental;G33;4,5;4,5;Algoritmos y programación;3;213;21;2;2017;día;Hefesto;Cátedra;2
1672;Ingeniería Mecánica;G33;3,5;4;Algoritmos y programación;3;213;21;2;2017;día;Hefesto;Cátedra;4
1690;Ingeniería Electrónica;G33;4,5;4;Algoritmos y programación;3;213;21;2;2017;día;Hefesto;Cátedra;5
1758;Ingeniería Ambiental;G33;4,5;4;Algoritmos y programación;3;213;21;2;2017;día;Hefesto;Cátedra;7
1779;Ingeniería Electrónica;G33;4;3,5;Algoritmos y programación;3;213;21;2;2017;día;Hefesto;Cátedra;7
1780;Ingeniería Mecánica;G33;3;4;Algoritmos y programación;3;213;21;2;2017;día;Hefesto;Cátedra;2
1788;Ingeniería Mecánica;G33;4;4;Algoritmos y programación;3;213;21;2;2017;día;Hefesto;Cátedra;3
1834;Ingeniería Electrónica;G33;4,5;4;Algoritmos y programación;3;213;21;2;2017;día;Hefesto;Cátedra;9
1845;Ingeniería Ambiental;G33;3;0;Algoritmos y programación;3;213;21;2;2017;día;Hefesto;Cátedra;4
1850;Ingeniería Electrónica;G33;4,5;4;Algoritmos y programación;3;213;21;2;2017;día;Hefesto;Cátedra;1
1890;Ingeniería Ambiental;G33;4,5;3,5;Algoritmos y programación;3;213;21;2;2017;día;Hefesto;Cátedra;6
1980;Ingeniería Ambiental;G33;5;4;Algoritmos y programación;3;213;21;2;2017;día;Hefesto;Cátedra;5
1996;Ingeniería Ambiental;G33;4,5;4;Algoritmos y programación;3;213;21;2;2017;día;Hefesto;Cátedra;10
2054;Ingeniería Electrónica;G33;3,5;4;Algoritmos y programación;3;213;21;2;2017;día;Hefesto;Cátedra;6
2055;Ingeniería Ambiental;G33;4,5;4,5;Algoritmos y programación;3;213;21;2;2017;día;Hefesto;Cátedra;8
2111;Ingeniería Electrónica;G33;4;3,5;Algoritmos y programación;3;213;21;2;2017;día;Hefesto;Cátedra;10
1529;Ingeniería De Sistemas;G1;4;2;Algoritmos y programación;3;217;23;2;2017;día;Apolo;MT;18
1546;Ingeniería De Sistemas;G1;3;0,5;Algoritmos y programación;3;217;23;2;2017;día;Apolo;MT;6
1611;Ingeniería De Sistemas;G1;4;2;Algoritmos y programación;3;217;23;2;2017;día;Apolo;MT;17
1646;Ingeniería De Sistemas;G1;4,5;3;Algoritmos y programación;3;217;23;2;2017;día;Apolo;MT;15
1668;Ingeniería De Sistemas;G1;4;2,5;Algoritmos y programación;3;217;23;2;2017;día;Apolo;MT;14
1701;Ingeniería De Sistemas;G1;2,5;1,5;Algoritmos y programación;3;217;23;2;2017;día;Apolo;MT;18
1703;Ingeniería De Sistemas;G1;3;1,5;Algoritmos y programación;3;217;23;2;2017;día;Apolo;MT;17
1712;Ingeniería De Sistemas;G1;2,5;1;Algoritmos y programación;3;217;23;2;2017;día;Apolo;MT;13
1723;Ingeniería De Sistemas;G1;3,5;2;Algoritmos y programación;3;217;23;2;2017;día;Apolo;MT;19
1740;Ingeniería De Sistemas;G1;4,5;3,5;Algoritmos y programación;3;217;23;2;2017;día;Apolo;MT;11
1818;Ingeniería De Sistemas;G1;2,5;1,5;Algoritmos y programación;3;217;23;2;2017;día;Apolo;MT;11
1821;Ingeniería De Sistemas;G1;4;2,5;Algoritmos y programación;3;217;23;2;2017;día;Apolo;MT;12
1885;Ingeniería De Sistemas;G1;4;3,5;Algoritmos y programación;3;217;23;2;2017;día;Apolo;MT;16
1935;Ingeniería De Sistemas;G1;0,5;0;Algoritmos y programación;3;217;23;2;2017;día;Apolo;MT;10
1970;Ingeniería De Sistemas;G1;3;1;Algoritmos y programación;3;217;23;2;2017;día;Apolo;MT;15
1976;Ingeniería De Sistemas;G1;4;1;Algoritmos y programación;3;217;23;2;2017;día;Apolo;MT;11
2019;Ingeniería De Sistemas;G1;5;4,5;Algoritmos y programación;3;217;23;2;2017;día;Apolo;MT;12
2051;Ingeniería De Sistemas;G1;4,5;2,5;Algoritmos y programación;3;217;23;2;2017;día;Apolo;MT;13
2077;Ingeniería De Sistemas;G1;3,5;3;Algoritmos y programación;3;217;23;2;2017;día;Apolo;MT;14
2087;Ingeniería De Sistemas;G1;3,5;2;Algoritmos y programación;3;217;23;2;2017;día;Apolo;MT;16
2091;Ingeniería De Sistemas;G1;4,5;2;Algoritmos y programación;3;217;23;2;2017;día;Apolo;MT;19
2109;Ingeniería De Sistemas;G1;4;1,5;Algoritmos y programación;3;217;23;2;2017;día;Apolo;MT;20
2115;Ingeniería De Sistemas;G1;4;2,5;Algoritmos y programación;3;217;23;2;2017;día;Apolo;MT;20
1531;Ingeniería Ambiental;G14;2,5;1;Algoritmos y programación;3;203;22;2;2017;día;Artemisa;TC;1
1535;Ingeniería Ambiental;G14;3,5;2,5;Algoritmos y programación;3;203;22;2;2017;día;Artemisa;TC;3
1564;Ingeniería Ambiental;G14;3;2,5;Algoritmos y programación;3;203;22;2;2017;día;Artemisa;TC;7
1598;Ingeniería Ambiental;G14;3,5;1,5;Algoritmos y programación;3;203;22;2;2017;día;Artemisa;TC;7
1617;Ingeniería Mecánica;G14;2;1,5;Algoritmos y programación;3;203;22;2;2017;día;Artemisa;TC;6
1665;Ingeniería Ambiental;G14;2,5;2;Algoritmos y programación;3;203;22;2;2017;día;Artemisa;TC;2
1678;Ingeniería De Sistemas;G14;3;3,5;Algoritmos y programación;3;203;22;2;2017;día;Artemisa;TC;10
1699;Ingeniería Ambiental;G14;2,5;2,5;Algoritmos y programación;3;203;22;2;2017;día;Artemisa;TC;9
1718;Ingeniería Ambiental;G14;0;0;Algoritmos y programación;3;203;22;2;2017;día;Artemisa;TC;4
1770;Ingeniería Electrónica;G14;1,5;1,5;Algoritmos y programación;3;203;22;2;2017;día;Artemisa;TC;5
1795;Ingeniería Ambiental;G14;1,5;1,5;Algoritmos y programación;3;203;22;2;2017;día;Artemisa;TC;9
1814;Ingeniería Electrónica;G14;3,5;2,5;Algoritmos y programación;3;203;22;2;2017;día;Artemisa;TC;6
1848;Ingeniería Industrial;G14;3;2;Algoritmos y programación;3;203;22;2;2017;día;Artemisa;TC;1
1854;Ingeniería Ambiental;G14;2;0;Algoritmos y programación;3;203;22;2;2017;día;Artemisa;TC;8
1899;Ingeniería Ambiental;G14;4;3,5;Algoritmos y programación;3;203;22;2;2017;día;Artemisa;TC;6
1913;Ingeniería Ambiental;G14;1;1;Algoritmos y programación;3;203;22;2;2017;día;Artemisa;TC;10
1926;Ingeniería Ambiental;G14;1,5;1,5;Algoritmos y programación;3;203;22;2;2017;día;Artemisa;TC;3
1953;Ingeniería Ambiental;G14;2,5;2;Algoritmos y programación;3;203;22;2;2017;día;Artemisa;TC;8
1960;Ingeniería Mecánica;G14;4;3;Algoritmos y programación;3;203;22;2;2017;día;Artemisa;TC;1
1984;Ingeniería Ambiental;G14;2;1,5;Algoritmos y programación;3;203;22;2;2017;día;Artemisa;TC;6
2110;Ingeniería Ambiental;G14;3;2,5;Algoritmos y programación;3;203;22;2;2017;día;Artemisa;TC;4
2116;Ingeniería Ambiental;G14;2;0;Algoritmos y programación;3;203;22;2;2017;día;Artemisa;TC;2
1532;Ingeniería De Sistemas;G31;3;3;Algoritmos y programación;3;221;23;2;2017;día;Agenor;TC;2
1536;Ingeniería De Sistemas;G31;5;3,5;Algoritmos y programación;3;221;23;2;2017;día;Agenor;TC;5
1576;Ingeniería De Sistemas;G31;2,5;2;Algoritmos y programación;3;221;23;2;2017;día;Agenor;TC;4
1625;Ingeniería De Sistemas;G31;3,5;4;Algoritmos y programación;3;221;23;2;2017;día;Agenor;TC;9
1631;Ingeniería De Sistemas;G31;3;2;Algoritmos y programación;3;221;23;2;2017;día;Agenor;TC;9
1640;Ingeniería De Sistemas;G31;4;3;Algoritmos y programación;3;221;23;2;2017;día;Agenor;TC;3
1655;Ingeniería De Sistemas;G31;3,5;2,5;Algoritmos y programación;3;221;23;2;2017;día;Agenor;TC;10
1684;Ingeniería De Sistemas;G31;3,5;2;Algoritmos y programación;3;221;23;2;2017;día;Agenor;TC;1
1700;Ingeniería De Sistemas;G31;2,5;1,5;Algoritmos y programación;3;221;23;2;2017;día;Agenor;TC;8
1717;Ingeniería De Sistemas;G31;3;3,5;Algoritmos y programación;3;221;23;2;2017;día;Agenor;TC;8
1754;Ingeniería De Sistemas;G31;4,5;4,5;Algoritmos y programación;3;221;23;2;2017;día;Agenor;TC;1
1771;Ingeniería De Sistemas;G31;2,5;3;Algoritmos y programación;3;221;23;2;2017;día;Agenor;TC;5
1796;Ingeniería De Sistemas;G31;2,5;3,5;Algoritmos y programación;3;221;23;2;2017;día;Agenor;TC;9
1808;Ingeniería De Sistemas;G31;3,5;1,5;Algoritmos y programación;3;221;23;2;2017;día;Agenor;TC;3
1812;Ingeniería De Sistemas;G31;3,5;2;Algoritmos y programación;3;221;23;2;2017;día;Agenor;TC;1
1844;Ingeniería De Sistemas;G31;2;2,5;Algoritmos y programación;3;221;23;2;2017;día;Agenor;TC;6
1855;Ingeniería De Sistemas;G31;3,5;2;Algoritmos y programación;3;221;23;2;2017;día;Agenor;TC;7
1857;Ingeniería De Sistemas;G31;3;2;Algoritmos y programación;3;221;23;2;2017;día;Agenor;TC;10
1948;Ingeniería De Sistemas;G31;3;3;Algoritmos y programación;3;221;23;2;2017;día;Agenor;TC;4
1982;Ingeniería De Sistemas;G31;2,5;2,5;Algoritmos y programación;3;221;23;2;2017;día;Agenor;TC;10
1985;Ingeniería De Sistemas;G31;3;2;Algoritmos y programación;3;221;23;2;2017;día;Agenor;TC;2
2060;Ingeniería De Sistemas;G31;3,5;2,5;Algoritmos y programación;3;221;23;2;2017;día;Agenor;TC;6
2097;Ingeniería De Sistemas;G31;3,5;3,5;Algoritmos y programación;3;221;23;2;2017;día;Agenor;TC;7
1537;Ingeniería Ambiental;G30;2;4;Algoritmos y programación;3;215;13;2;2017;noche;Hermes;Cátedra;31
1627;Ingeniería Industrial;G30;3,5;4;Algoritmos y programación;3;215;13;2;2017;noche;Hermes;Cátedra;23
1629;Ingeniería Ambiental;G30;3,5;4,5;Algoritmos y programación;3;215;13;2;2017;noche;Hermes;Cátedra;21
1649;Ingeniería Ambiental;G30;2,5;4;Algoritmos y programación;3;215;13;2;2017;noche;Hermes;Cátedra;30
1650;Ingeniería Ambiental;G30;0;0;Algoritmos y programación;3;215;13;2;2017;noche;Hermes;Cátedra;21
1736;Ingeniería Mecánica;G30;3;4;Algoritmos y programación;3;215;13;2;2017;noche;Hermes;Cátedra;26
1822;Ingeniería Mecánica;G30;3;4;Algoritmos y programación;3;215;13;2;2017;noche;Hermes;Cátedra;25
1902;Ingeniería Ambiental;G30;3;4,5;Algoritmos y programación;3;215;13;2;2017;noche;Hermes;Cátedra;29
1907;Ingeniería De Sistemas;G30;4,5;4,5;Algoritmos y programación;3;215;13;2;2017;noche;Hermes;Cátedra;22
1983;Ingeniería Ambiental;G30;3,5;4,5;Algoritmos y programación;3;215;13;2;2017;noche;Hermes;Cátedra;28
2099;Ingeniería Mecánica;G30;3,5;4;Algoritmos y programación;3;215;13;2;2017;noche;Hermes;Cátedra;24
2102;Ingeniería Ambiental;G30;4;2,5;Algoritmos y programación;3;215;13;2;2017;noche;Hermes;Cátedra;32
2112;Ingeniería Ambiental;G30;2,5;4;Algoritmos y programación;3;215;13;2;2017;noche;Hermes;Cátedra;32
1538;Ingeniería Ambiental;G23;4,5;3;Algoritmos y programación;3;211;18;2;2017;noche;Odiseo;TC;31
1579;Ingeniería Electrónica;G23;4,5;4;Algoritmos y programación;3;211;18;2;2017;noche;Odiseo;TC;24
1583;Ingeniería Electrónica;G23;4;4;Algoritmos y programación;3;211;18;2;2017;noche;Odiseo;TC;26
1612;Ingeniería Electrónica;G23;4;5;Algoritmos y programación;3;211;18;2;2017;noche;Odiseo;TC;21
1663;Ingeniería Ambiental;G23;4;3;Algoritmos y programación;3;211;18;2;2017;noche;Odiseo;TC;30
1671;Ingeniería Electrónica;G23;4;4;Algoritmos y programación;3;211;18;2;2017;noche;Odiseo;TC;23
1679;Ingeniería Electrónica;G23;4;5;Algoritmos y programación;3;211;18;2;2017;noche;Odiseo;TC;25
1680;Ingeniería Industrial;G23;4,5;3;Algoritmos y programación;3;211;18;2;2017;noche;Odiseo;TC;30
1722;Ingeniería Electrónica;G23;4;2;Algoritmos y programación;3;211;18;2;2017;noche;Odiseo;TC;22
1731;Ingeniería Ambiental;G23;4,5;3;Algoritmos y programación;3;211;18;2;2017;noche;Odiseo;TC;27
1743;Ingeniería Industrial;G23;4;4;Algoritmos y programación;3;211;18;2;2017;noche;Odiseo;TC;27
1791;Ingeniería Mecánica;G23;3,5;2;Algoritmos y programación;3;211;18;2;2017;noche;Odiseo;TC;32
1813;Ingeniería Ambiental;G23;4,5;3,5;Algoritmos y programación;3;211;18;2;2017;noche;Odiseo;TC;29
1849;Ingeniería Ambiental;G23;3,5;3;Algoritmos y programación;3;211;18;2;2017;noche;Odiseo;TC;32
1864;Ingeniería Industrial;G23;4;3,5;Algoritmos y programación;3;211;18;2;2017;noche;Odiseo;TC;31
1952;Ingeniería Industrial;G23;4,5;3,5;Algoritmos y programación;3;211;18;2;2017;noche;Odiseo;TC;29
2023;Ingeniería Industrial;G23;4,5;5;Algoritmos y programación;3;211;18;2;2017;noche;Odiseo;TC;28
2092;Ingeniería Ambiental;G23;4,5;5;Algoritmos y programación;3;211;18;2;2017;noche;Odiseo;TC;28
1539;Ingeniería Mecánica;G15;3;2;Algoritmos y programación;3;206;22;2;2017;día;Aquiles;Cátedra;8
1542;Ingeniería Electrónica;G15;3;3,5;Algoritmos y programación;3;206;22;2;2017;día;Aquiles;Cátedra;1
1544;Ingeniería Electrónica;G15;1;1;Algoritmos y programación;3;206;22;2;2017;día;Aquiles;Cátedra;2
1573;Ingeniería Electrónica;G15;1;1;Algoritmos y programación;3;206;22;2;2017;día;Aquiles;Cátedra;8
1599;Ingeniería Ambiental;G15;2;0;Algoritmos y programación;3;206;22;2;2017;día;Aquiles;Cátedra;7
1674;Ingeniería Ambiental;G15;3,5;3,5;Algoritmos y programación;3;206;22;2;2017;día;Aquiles;Cátedra;1
1685;Ingeniería Electrónica;G15;2;3,5;Algoritmos y programación;3;206;22;2;2017;día;Aquiles;Cátedra;4
1715;Ingeniería Industrial;G15;1,5;0;Algoritmos y programación;3;206;22;2;2017;día;Aquiles;Cátedra;6
1724;Ingeniería Ambiental;G15;0,5;0;Algoritmos y programación;3;206;22;2;2017;día;Aquiles;Cátedra;10
1750;Ingeniería Electrónica;G15;2,5;2;Algoritmos y programación;3;206;22;2;2017;día;Aquiles;Cátedra;3
1774;Ingeniería Electrónica;G15;2,5;2,5;Algoritmos y programación;3;206;22;2;2017;día;Aquiles;Cátedra;5
1793;Ingeniería Ambiental;G15;1;0;Algoritmos y programación;3;206;22;2;2017;día;Aquiles;Cátedra;8
1807;Ingeniería Electrónica;G15;2,5;2;Algoritmos y programación;3;206;22;2;2017;día;Aquiles;Cátedra;7
1817;Ingeniería Mecánica;G15;2,5;2;Algoritmos y programación;3;206;22;2;2017;día;Aquiles;Cátedra;7
1831;Ingeniería Electrónica;G15;2,5;2,5;Algoritmos y programación;3;206;22;2;2017;día;Aquiles;Cátedra;10
1869;Ingeniería Electrónica;G15;3,5;3;Algoritmos y programación;3;206;22;2;2017;día;Aquiles;Cátedra;3
1881;Ingeniería Ambiental;G15;2,5;3;Algoritmos y programación;3;206;22;2;2017;día;Aquiles;Cátedra;9
1887;Ingeniería Electrónica;G15;1,5;2;Algoritmos y programación;3;206;22;2;2017;día;Aquiles;Cátedra;2
1993;Ingeniería Electrónica;G15;2;0;Algoritmos y programación;3;206;22;2;2017;día;Aquiles;Cátedra;6
2020;Ingeniería Industrial;G15;2,5;3;Algoritmos y programación;3;206;22;2;2017;día;Aquiles;Cátedra;5
2049;Ingeniería Electrónica;G15;2,5;4;Algoritmos y programación;3;206;22;2;2017;día;Aquiles;Cátedra;4
2067;Ingeniería Electrónica;G15;3;3,5;Algoritmos y programación;3;206;22;2;2017;día;Aquiles;Cátedra;9
1543;Ingeniería Ambiental;G27;2,5;2;Algoritmos y programación;3;209;16;2;2017;noche;Héctor;Cátedra;25
1556;Ingeniería Ambiental;G27;0,5;0;Algoritmos y programación;3;209;16;2;2017;noche;Héctor;Cátedra;26
1558;Ingeniería Ambiental;G27;0,5;0;Algoritmos y programación;3;209;16;2;2017;noche;Héctor;Cátedra;27
1561;Ingeniería Electrónica;G27;2;2,5;Algoritmos y programación;3;209;16;2;2017;noche;Héctor;Cátedra;29
1601;Ingeniería Electrónica;G27;4,5;3;Algoritmos y programación;3;209;16;2;2017;noche;Héctor;Cátedra;30
1635;Ingeniería Ambiental;G27;2;2;Algoritmos y programación;3;209;16;2;2017;noche;Héctor;Cátedra;21
1691;Ingeniería De Sistemas;G27;0;0;Algoritmos y programación;3;209;16;2;2017;noche;Héctor;Cátedra;25
1782;Ingeniería Industrial;G27;3;2,5;Algoritmos y programación;3;209;16;2;2017;noche;Héctor;Cátedra;31
1867;Ingeniería Mecánica;G27;1;0;Algoritmos y programación;3;209;16;2;2017;noche;Héctor;Cátedra;23
1941;Ingeniería Electrónica;G27;4;2,5;Algoritmos y programación;3;209;16;2;2017;noche;Héctor;Cátedra;28
1968;Ingeniería Ambiental;G27;2,5;3;Algoritmos y programación;3;209;16;2;2017;noche;Héctor;Cátedra;24
2021;Ingeniería Ambiental;G27;4;3,5;Algoritmos y programación;3;209;16;2;2017;noche;Héctor;Cátedra;22
2022;Ingeniería Ambiental;G27;3;2,5;Algoritmos y programación;3;209;16;2;2017;noche;Héctor;Cátedra;23
2044;Ingeniería Industrial;G27;2,5;2,5;Algoritmos y programación;3;209;16;2;2017;noche;Héctor;Cátedra;32
2063;Ingeniería Mecánica;G27;3;2,5;Algoritmos y programación;3;209;16;2;2017;noche;Héctor;Cátedra;21
2084;Ingeniería Mecánica;G27;3,5;3,5;Algoritmos y programación;3;209;16;2;2017;noche;Héctor;Cátedra;22
1547;Ingeniería Ambiental;G3;4,5;4,5;Algoritmos y programación;3;210;21;2;2017;día;Agamenón;Cátedra;14
1562;Ingeniería Mecánica;G3;4;2,5;Algoritmos y programación;3;210;21;2;2017;día;Agamenón;Cátedra;11
1563;Ingeniería Industrial;G3;4;3,5;Algoritmos y programación;3;210;21;2;2017;día;Agamenón;Cátedra;17
1641;Ingeniería Mecánica;G3;4,5;4,5;Algoritmos y programación;3;210;21;2;2017;día;Agamenón;Cátedra;12
1648;Ingeniería Ambiental;G3;4,5;4;Algoritmos y programación;3;210;21;2;2017;día;Agamenón;Cátedra;17
1661;Ingeniería De Sistemas;G3;1;1;Algoritmos y programación;3;210;21;2;2017;día;Agamenón;Cátedra;16
1686;Ingeniería Ambiental;G3;4;3,5;Algoritmos y programación;3;210;21;2;2017;día;Agamenón;Cátedra;15
1733;Ingeniería Industrial;G3;4,5;5;Algoritmos y programación;3;210;21;2;2017;día;Agamenón;Cátedra;18
1741;Ingeniería Ambiental;G3;4,5;2;Algoritmos y programación;3;210;21;2;2017;día;Agamenón;Cátedra;13
1785;Ingeniería Ambiental;G3;4,5;2,5;Algoritmos y programación;3;210;21;2;2017;día;Agamenón;Cátedra;12
1858;Ingeniería Mecánica;G3;4,5;2,5;Algoritmos y programación;3;210;21;2;2017;día;Agamenón;Cátedra;13
1875;Ingeniería Ambiental;G3;4;1;Algoritmos y programación;3;210;21;2;2017;día;Agamenón;Cátedra;18
1877;Ingeniería Ambiental;G3;3,5;2;Algoritmos y programación;3;210;21;2;2017;día;Agamenón;Cátedra;11
1900;Ingeniería Ambiental;G3;4;3,5;Algoritmos y programación;3;210;21;2;2017;día;Agamenón;Cátedra;16
1900;Ingeniería Ambiental;G3;4;3,5;Algoritmos y programación;3;210;21;2;2017;día;Agamenón;Cátedra;16
1933;Ingeniería Ambiental;G3;4;3,5;Algoritmos y programación;3;210;21;2;2017;día;Agamenón;Cátedra;13
1951;Ingeniería Ambiental;G3;4;3,5;Algoritmos y programación;3;210;21;2;2017;día;Agamenón;Cátedra;20
1965;Ingeniería Industrial;G3;4,5;2,5;Algoritmos y programación;3;210;21;2;2017;día;Agamenón;Cátedra;19
1981;Ingeniería Ambiental;G3;4;2;Algoritmos y programación;3;210;21;2;2017;día;Agamenón;Cátedra;14
2071;Ingeniería Industrial;G3;4;3;Algoritmos y programación;3;210;21;2;2017;día;Agamenón;Cátedra;20
2078;Ingeniería Ambiental;G3;4,5;3,5;Algoritmos y programación;3;210;21;2;2017;día;Agamenón;Cátedra;19
2081;Ingeniería Ambiental;G3;4,5;2,5;Algoritmos y programación;3;210;21;2;2017;día;Agamenón;Cátedra;15
1549;Ingeniería Ambiental;G13;4;3,5;Algoritmos y programación;3;216;19;2;2017;día;Diomedes;TC;3
1596;Ingeniería De Sistemas;G13;2;2,5;Algoritmos y programación;3;216;19;2;2017;día;Diomedes;TC;5
1616;Ingeniería Mecánica;G13;2,5;2;Algoritmos y programación;3;216;19;2;2017;día;Diomedes;TC;2
1651;Ingeniería Electrónica;G13;2,5;1,5;Algoritmos y programación;3;216;19;2;2017;día;Diomedes;TC;6
1654;Ingeniería Ambiental;G13;4;3,5;Algoritmos y programación;3;216;19;2;2017;día;Diomedes;TC;10
1688;Ingeniería Industrial;G13;3,5;2;Algoritmos y programación;3;216;19;2;2017;día;Diomedes;TC;5
1692;Ingeniería Ambiental;G13;4;3,5;Algoritmos y programación;3;216;19;2;2017;día;Diomedes;TC;9
1721;Ingeniería De Sistemas;G13;1;0;Algoritmos y programación;3;216;19;2;2017;día;Diomedes;TC;9
1735;Ingeniería De Sistemas;G13;3,5;0;Algoritmos y programación;3;216;19;2;2017;día;Diomedes;TC;5
1747;Ingeniería Ambiental;G13;3;3;Algoritmos y programación;3;216;19;2;2017;día;Diomedes;TC;3
1752;Ingeniería Ambiental;G13;3,5;2;Algoritmos y programación;3;216;19;2;2017;día;Diomedes;TC;8
1815;Ingeniería Ambiental;G13;3;4;Algoritmos y programación;3;216;19;2;2017;día;Diomedes;TC;2
1868;Ingeniería Ambiental;G13;2,5;2,5;Algoritmos y programación;3;216;19;2;2017;día;Diomedes;TC;4
1888;Ingeniería Electrónica;G13;2,5;3;Algoritmos y programación;3;216;19;2;2017;día;Diomedes;TC;5
1908;Ingeniería Electrónica;G13;1;0;Algoritmos y programación;3;216;19;2;2017;día;Diomedes;TC;9
1911;Ingeniería Ambiental;G13;4;3;Algoritmos y programación;3;216;19;2;2017;día;Diomedes;TC;5
1914;Ingeniería Ambiental;G13;3,5;3;Algoritmos y programación;3;216;19;2;2017;día;Diomedes;TC;1
1963;Ingeniería Ambiental;G13;2,5;3,5;Algoritmos y programación;3;216;19;2;2017;día;Diomedes;TC;4
2013;Ingeniería De Sistemas;G13;2,5;3,5;Algoritmos y programación;3;216;19;2;2017;día;Diomedes;TC;4
1550;Ingeniería Industrial;G20;2,5;5;Algoritmos y programación;3;204;8;2;2017;noche;Eneas;Cátedra;32
1610;Ingeniería De Sistemas;G20;2,5;4,5;Algoritmos y programación;3;204;8;2;2017;noche;Eneas;Cátedra;27
1707;Ingeniería Ambiental;G20;3,5;5;Algoritmos y programación;3;204;8;2;2017;noche;Eneas;Cátedra;26
1719;Ingeniería De Sistemas;G20;5;4,5;Algoritmos y programación;3;204;8;2;2017;noche;Eneas;Cátedra;28
1889;Ingeniería Mecánica;G20;2,5;1,5;Algoritmos y programación;3;204;8;2;2017;noche;Eneas;Cátedra;21
1904;Ingeniería Industrial;G20;2,5;5;Algoritmos y programación;3;204;8;2;2017;noche;Eneas;Cátedra;30
1936;Ingeniería Industrial;G20;3;3,5;Algoritmos y programación;3;204;8;2;2017;noche;Eneas;Cátedra;31
2101;Ingeniería Electrónica;G20;1;0;Algoritmos y programación;3;204;8;2;2017;noche;Eneas;Cátedra;29
1551;Ingeniería De Sistemas;G2;3;2,5;Algoritmos y programación;3;222;23;2;2017;día;Atenea;TC;19
1594;Ingeniería De Sistemas;G2;3,5;3,5;Algoritmos y programación;3;222;23;2;2017;día;Atenea;TC;15
1645;Ingeniería De Sistemas;G2;4;3,5;Algoritmos y programación;3;222;23;2;2017;día;Atenea;TC;16
1653;Ingeniería De Sistemas;G2;2,5;3;Algoritmos y programación;3;222;23;2;2017;día;Atenea;TC;19
1658;Ingeniería De Sistemas;G2;4;3;Algoritmos y programación;3;222;23;2;2017;día;Atenea;TC;12
1683;Ingeniería De Sistemas;G2;3,5;3;Algoritmos y programación;3;222;23;2;2017;día;Atenea;TC;20
1725;Ingeniería De Sistemas;G2;4;4;Algoritmos y programación;3;222;23;2;2017;día;Atenea;TC;18
1734;Ingeniería De Sistemas;G2;3;3;Algoritmos y programación;3;222;23;2;2017;día;Atenea;TC;13
1787;Ingeniería De Sistemas;G2;4,5;2;Algoritmos y programación;3;222;23;2;2017;día;Atenea;TC;7
1798;Ingeniería De Sistemas;G2;1;0;Algoritmos y programación;3;222;23;2;2017;día;Atenea;TC;18
1824;Ingeniería De Sistemas;G2;3,5;4,5;Algoritmos y programación;3;222;23;2;2017;día;Atenea;TC;15
1828;Ingeniería De Sistemas;G2;3;3;Algoritmos y programación;3;222;23;2;2017;día;Atenea;TC;17
1829;Ingeniería De Sistemas;G2;3,5;2,5;Algoritmos y programación;3;222;23;2;2017;día;Atenea;TC;16
1880;Ingeniería De Sistemas;G2;3,5;4;Algoritmos y programación;3;222;23;2;2017;día;Atenea;TC;11
1966;Ingeniería De Sistemas;G2;2,5;0;Algoritmos y programación;3;222;23;2;2017;día;Atenea;TC;14
1974;Ingeniería De Sistemas;G2;4;4,5;Algoritmos y programación;3;222;23;2;2017;día;Atenea;TC;11
1987;Ingeniería De Sistemas;G2;3;2,5;Algoritmos y programación;3;222;23;2;2017;día;Atenea;TC;14
2002;Ingeniería De Sistemas;G2;4;4;Algoritmos y programación;3;222;23;2;2017;día;Atenea;TC;20
2048;Ingeniería De Sistemas;G2;3,5;0;Algoritmos y programación;3;222;23;2;2017;día;Atenea;TC;7
2050;Ingeniería De Sistemas;G2;3,5;2,5;Algoritmos y programación;3;222;23;2;2017;día;Atenea;TC;12
2075;Ingeniería De Sistemas;G2;4;3;Algoritmos y programación;3;222;23;2;2017;día;Atenea;TC;12
2089;Ingeniería De Sistemas;G2;4,5;4,5;Algoritmos y programación;3;222;23;2;2017;día;Atenea;TC;17
2096;Ingeniería De Sistemas;G2;4;5;Algoritmos y programación;3;222;23;2;2017;día;Atenea;TC;13
1568;Ingeniería Ambiental;G22;4;3;Algoritmos y programación;3;225;12;2;2017;noche;Poseidón;Cátedra;25
1577;Ingeniería Mecánica;G22;2,5;2,5;Algoritmos y programación;3;225;12;2;2017;noche;Poseidón;Cátedra;26
1593;Ingeniería Ambiental;G22;3,5;3;Algoritmos y programación;3;225;12;2;2017;noche;Poseidón;Cátedra;24
1626;Ingeniería Electrónica;G22;2;0;Algoritmos y programación;3;225;12;2;2017;noche;Poseidón;Cátedra;22
1766;Ingeniería Ambiental;G22;3;3,5;Algoritmos y programación;3;225;12;2;2017;noche;Poseidón;Cátedra;28
1827;Ingeniería Ambiental;G22;3;3;Algoritmos y programación;3;225;12;2;2017;noche;Poseidón;Cátedra;24
1835;Ingeniería De Sistemas;G22;2,5;2,5;Algoritmos y programación;3;225;12;2;2017;noche;Poseidón;Cátedra;25
1878;Ingeniería Electrónica;G22;2;0;Algoritmos y programación;3;225;12;2;2017;noche;Poseidón;Cátedra;23
1893;Ingeniería Ambiental;G22;3;2,5;Algoritmos y programación;3;225;12;2;2017;noche;Poseidón;Cátedra;23
1937;Ingeniería De Sistemas;G22;2,5;1;Algoritmos y programación;3;225;12;2;2017;noche;Poseidón;Cátedra;26
1962;Ingeniería Ambiental;G22;3,5;2,5;Algoritmos y programación;3;225;12;2;2017;noche;Poseidón;Cátedra;29
2113;Ingeniería Ambiental;G22;1,5;0;Algoritmos y programación;3;225;12;2;2017;noche;Poseidón;Cátedra;24
1574;Ingeniería Mecánica;G18;0;0;Algoritmos y programación;3;224;13;2;2017;noche;Pándarp;Cátedra;32
1582;Ingeniería Electrónica;G18;3,5;3;Algoritmos y programación;3;224;13;2;2017;noche;Pándarp;Cátedra;26
1589;Ingeniería Ambiental;G18;4;4,5;Algoritmos y programación;3;224;13;2;2017;noche;Pándarp;Cátedra;31
1607;Ingeniería Industrial;G18;4,5;4,5;Algoritmos y programación;3;224;13;2;2017;noche;Pándarp;Cátedra;28
1632;Ingeniería Electrónica;G18;2;1;Algoritmos y programación;3;224;13;2;2017;noche;Pándarp;Cátedra;23
1670;Ingeniería De Sistemas;G18;4;4,5;Algoritmos y programación;3;224;13;2;2017;noche;Pándarp;Cátedra;22
1866;Ingeniería Mecánica;G18;2;2,5;Algoritmos y programación;3;224;13;2;2017;noche;Pándarp;Cátedra;30
1882;Ingeniería Electrónica;G18;2,5;1;Algoritmos y programación;3;224;13;2;2017;noche;Pándarp;Cátedra;25
1917;Ingeniería Industrial;G18;4;2,5;Algoritmos y programación;3;224;13;2;2017;noche;Pándarp;Cátedra;29
2012;Ingeniería De Sistemas;G18;4;4,5;Algoritmos y programación;3;224;13;2;2017;noche;Pándarp;Cátedra;21
2042;Ingeniería Electrónica;G18;5;4;Algoritmos y programación;3;224;13;2;2017;noche;Pándarp;Cátedra;24
2058;Ingeniería Industrial;G18;4;4,5;Algoritmos y programación;3;224;13;2;2017;noche;Pándarp;Cátedra;27
2104;Ingeniería Ambiental;G18;3;3;Algoritmos y programación;3;224;13;2;2017;noche;Pándarp;Cátedra;32
1588;Ingeniería Ambiental;G17;3,5;2,5;Algoritmos y programación;3;215;11;2;2017;noche;Hermes;Cátedra;32
1615;Ingeniería Ambiental;G17;3,5;4,5;Algoritmos y programación;3;215;11;2;2017;noche;Hermes;Cátedra;23
1713;Ingeniería Mecánica;G17;4,5;5;Algoritmos y programación;3;215;11;2;2017;noche;Hermes;Cátedra;30
1753;Ingeniería Ambiental;G17;3,5;3,5;Algoritmos y programación;3;215;11;2;2017;noche;Hermes;Cátedra;21
1919;Ingeniería Industrial;G17;3;4;Algoritmos y programación;3;215;11;2;2017;noche;Hermes;Cátedra;26
1943;Ingeniería Mecánica;G17;4,5;4,5;Algoritmos y programación;3;215;11;2;2017;noche;Hermes;Cátedra;28
1979;Ingeniería Industrial;G17;4,5;4,5;Algoritmos y programación;3;215;11;2;2017;noche;Hermes;Cátedra;27
2039;Ingeniería Mecánica;G17;4,5;5;Algoritmos y programación;3;215;11;2;2017;noche;Hermes;Cátedra;29
2085;Ingeniería Ambiental;G17;3;4;Algoritmos y programación;3;215;11;2;2017;noche;Hermes;Cátedra;22
2094;Ingeniería Industrial;G17;3,5;4,5;Algoritmos y programación;3;215;11;2;2017;noche;Hermes;Cátedra;25
2106;Ingeniería Ambiental;G17;3;4,5;Algoritmos y programación;3;215;11;2;2017;noche;Hermes;Cátedra;24
1622;Ingeniería Mecánica;G19;3,5;4;Algoritmos y programación;3;202;19;2;2017;noche;Andrómaca;Cátedra;25
1639;Ingeniería Electrónica;G19;4,5;4,5;Algoritmos y programación;3;202;19;2;2017;noche;Andrómaca;Cátedra;29
1657;Ingeniería Industrial;G19;4,5;4;Algoritmos y programación;3;202;19;2;2017;noche;Andrómaca;Cátedra;24
1732;Ingeniería Ambiental;G19;2;0;Algoritmos y programación;3;202;19;2;2017;noche;Andrómaca;Cátedra;22
1744;Ingeniería De Sistemas;G19;4;3;Algoritmos y programación;3;202;19;2;2017;noche;Andrómaca;Cátedra;28
1756;Ingeniería Electrónica;G19;5;5;Algoritmos y programación;3;202;19;2;2017;noche;Andrómaca;Cátedra;21
1778;Ingeniería Electrónica;G19;3,5;0;Algoritmos y programación;3;202;19;2;2017;noche;Andrómaca;Cátedra;22
1799;Ingeniería Ambiental;G19;3,5;3;Algoritmos y programación;3;202;19;2;2017;noche;Andrómaca;Cátedra;26
1805;Ingeniería Mecánica;G19;4;4,5;Algoritmos y programación;3;202;19;2;2017;noche;Andrómaca;Cátedra;28
1830;Ingeniería Ambiental;G19;0;0;Algoritmos y programación;3;202;19;2;2017;noche;Andrómaca;Cátedra;31
1842;Ingeniería Electrónica;G19;3;1;Algoritmos y programación;3;202;19;2;2017;noche;Andrómaca;Cátedra;23
1843;Ingeniería Ambiental;G19;2;1;Algoritmos y programación;3;202;19;2;2017;noche;Andrómaca;Cátedra;32
1955;Ingeniería Industrial;G19;2,5;2,5;Algoritmos y programación;3;202;19;2;2017;noche;Andrómaca;Cátedra;23
1967;Ingeniería Ambiental;G19;4;4;Algoritmos y programación;3;202;19;2;2017;noche;Andrómaca;Cátedra;27
1988;Ingeniería Mecánica;G19;4,5;4,5;Algoritmos y programación;3;202;19;2;2017;noche;Andrómaca;Cátedra;24
2014;Ingeniería De Sistemas;G19;3;2;Algoritmos y programación;3;202;19;2;2017;noche;Andrómaca;Cátedra;22
2070;Ingeniería Ambiental;G19;4;3,5;Algoritmos y programación;3;202;19;2;2017;noche;Andrómaca;Cátedra;21
2098;Ingeniería Ambiental;G19;3,5;3,5;Algoritmos y programación;3;202;19;2;2017;noche;Andrómaca;Cátedra;25
2108;Ingeniería Electrónica;G19;4;3,5;Algoritmos y programación;3;202;19;2;2017;noche;Andrómaca;Cátedra;30
